{"distance_to_home": 2.0194187802934363e+67, "invader_captured": 0.8, "food_protected": -1.7958377274066642e+69, "avoided_ghost": 0.6, "ambush_location": -6.413706169309515e+67}