{
    "weights": {
        "onDefense": 0.0,
        "stop": 0.0,
        "enemy1_num_carried": -0.0,
        "enemy2_num_carried": 0.0,
        "teammate_food_carried": -0.0010000000185760114,
        "reverse": -0.0010000000185760114,
        "invaderDistance": 1.0,
        "distance_to_start": -0.040000000743240456,
        "num_invaders": 0.0,
        "distance_from_middle": -0.0020000000372520227,
        "distance_from_closest_invader": 1.0000000001e-10,
        "scared_distance": -0.001999999052597416,
        "distance_to_home": -0.014000000260064161,
        "invader_captured": 0.9990100001803395,
        "food_protected": -0.018000000334368205,
        "ambush_location_x": 1.0,
        "ambush_location_y": 1.0,
        "teammate_location_x": -0.010000000185760114,
        "teammate_location_y": -0.007000000130032081,
        "opponent1_location_x": -0.01699998329736631,
        "opponent1_location_y": -0.0059999941049528145,
        "opponent2_location_x": -0.01599998427987417,
        "opponent2_location_y": -0.007999992139937085,
        "successor_score": 0.0,
        "num_ghosts_one_step_away": 0.0,
        "distance_from_closest_ghost": 0.0,
        "is_home": 0.0,
        "distanceToFood": 0.0,
        "food_eaten": 0.0,
        "avoided_ghost": -0.004999997778364086,
        "carrying_food": 0.0,
        "distance_to_capsule": 0.0,
        "game_score": -0.0010000000185760114,
        "bias": -0.0010000000185760114
    },
    "base": {
        "epsilon": 0.6,
        "alpha": 0.1,
        "discount": 0.9
    },
    "current": {
        "epsilon": 0.6,
        "alpha": 0.1,
        "discount": 0.9
    },
    "num_episodes": 30,
    "latest_reward": 580300230978.1592,
    "epsilon": [
        0
    ],
    "alpha": [
        0.1
    ],
    "discount": [
        0.9
    ],
    "total_reward": [
        -892344.4424872481,
        688420780934.7554,
        508618916929.16626,
        -75155802861012.75,
        728217902115.8281,
        -73999591320.35498,
        -72999802478.25012,
        672218213623.7444,
        1134238242896.4502,
        688820610366.0947,
        744198611149.2236,
        1077199223368.1995,
        -11801769141.227467,
        -70950429215469.6,
        507267987122081.0,
        -70950429215469.6,
        -193219934243.53058,
        -167009610430.50433,
        1119002293483.0288,
        -73647205111642.5,
        831789252791282.1,
        723802044950.7389,
        1331201688433.164,
        744200311106.7236,
        740600090480.0131,
        286803080184.01166,
        -16101770590.267075,
        708400351519.9695,
        295402298587.80206,
        580300230978.1592
    ]
}