{"distance_to_home": -5.123855323563092e+44, "invader_captured": 0.8, "food_protected": 5.359173537336826e+46, "avoided_ghost": 0.6, "ambush_location": 1.913990549048867e+45}