{
    "onDefense": -0.0010000019502511938,
    "stop": 0.0,
    "enemy1_num_carried": -0.020000039005023878,
    "enemy2_num_carried": 0.0,
    "reverse": -0.0010000020252701467,
    "invaderDistance": -0.0020000039007023883,
    "distance_to_start": -0.030000058507735815,
    "num_invaders": -0.0010000019502511938,
    "distance_from_middle": -0.010000019502411939,
    "distance_from_closest_invader": -0.0020000039007023883,
    "scared_distance": -0.010999999203647581,
    "distance_to_home": -0.022000042905526266,
    "invader_captured": 0.9990010001332087,
    "food_protected": -0.013000025353265521,
    "ambush_location_x": -0.0050000097512559695,
    "ambush_location_y": -0.0030000058507535813,
    "teammate_location_x": -0.0030000058507535813,
    "teammate_location_y": -0.012000023403014325,
    "opponent1_location_x": -0.01200000251760823,
    "opponent1_location_y": -0.008000001678405486,
    "opponent2_location_x": -0.017000003566611657,
    "opponent2_location_y": -0.0070000014686048,
    "successor_score": 0.0,
    "num_ghosts_one_step_away": 0.0,
    "distance_from_closest_ghost": 0.0,
    "is_home": 0.0,
    "distanceToFood": 0.0,
    "food_eaten": 0.0,
    "avoided_ghost": -0.027999998748632217,
    "carrying_food": 0.0,
    "distance_to_capsule": 0.0,
    "game_score": -0.007000013651758358,
    "teammate_food_carried": 0.0,
    "bias": -0.0010000019502511938
}