{
    "weights": {
        "onDefense": -1.0000006682530094e-133,
        "stop": 0.0,
        "enemy1_num_carried": -1.8889883884906343e-08,
        "enemy2_num_carried": -1.8889883884906343e-08,
        "teammate_food_carried": -9.444941942453171e-09,
        "reverse": -9.445041941344361e-09,
        "invaderDistance": -0.010000006669330087,
        "distance_to_start": -1.8889883884696338e-07,
        "num_invaders": -1.0000006682530094e-133,
        "distance_from_middle": -1.1333930331048809e-07,
        "distance_from_closest_invader": -0.010000006669330087,
        "scared_distance": -0.010000006669330087,
        "distance_to_home": -1.3222918719644444e-07,
        "invader_captured": -0.001000005000240628,
        "food_protected": -1.8889883884906343e-08,
        "ambush_location_x": -0.010000006669530088,
        "ambush_location_y": -0.007000004668671062,
        "teammate_location_x": -1.5111907107925074e-07,
        "teammate_location_y": -1.0389436136698488e-07,
        "opponent1_location_x": -0.012000024002883839,
        "opponent1_location_y": -0.00900001800216288,
        "opponent2_location_x": -0.01400002800336448,
        "opponent2_location_y": -0.00700001400168224,
        "successor_score": 0.0,
        "num_ghosts_one_step_away": 0.0,
        "distance_from_closest_ghost": 0.0,
        "is_home": 0.0,
        "distanceToFood": 0.0,
        "food_eaten": 0.0,
        "avoided_ghost": -1.9999999806969264e-13,
        "carrying_food": 0.0,
        "distance_to_capsule": 0.0,
        "game_score": -1.605640130217039e-07,
        "bias": -9.444941942453171e-09
    },
    "base": {
        "epsilon": 0.6,
        "alpha": 0.1,
        "discount": 0.9
    },
    "current": {
        "epsilon": 0.6,
        "alpha": 0.1,
        "discount": 0.9
    },
    "num_episodes": 3864,
    "latest_reward": 0,
    "epsilon": [
        0
    ],
    "alpha": [
        0.1
    ],
    "discount": [
        0.9
    ],
    "total_reward": [
        0,
        0,
        0,
        0,
        0,
        0,
        0,
        0,
        0,
        0,
        0,
        0,
        0,
        0,
        0,
        0,
        0,
        0,
        0,
        0,
        0,
        0
    ]
}