{"weights": {"num_invaders": 42.36052401865186, "distance_from_middle": 100, "distance_from_closest_invader": 100, "scared_distance": 0.0, "distance_to_home": 0.0, "invader_captured": 0.0, "food_protected": 0.0, "avoided_ghost": 0.0, "ambush_location": 0.0, "bias": 38.85453477651227}, "base": {"epsilon": 0.5, "alpha": 0.3, "discount": 0.9}, "num_episodes": 268, "epsilon": [0.5, 0.5, 0.475, 0.5225, 0.57475, 0.5460125, 0.6006137500000001, 0.5705830625, 0.542053909375, 0.51495121390625, 0.5, 0.475, 0.5225, 0.49637499999999996, 0.47155624999999995, 0.518711875, 0.49277628125, 0.5420539093750001, 0.5149512139062501, 0.5664463352968752, 0.6230909688265627, 0.5919364203852345, 0.651130062423758, 0.6185735593025701, 0.5, 0.55, 0.5225, 0.49637499999999996, 0.5460125, 0.5, 0.55, 0.5225, 0.49637499999999996, 0.5, 0.475, 0.45125, 0.496375, 0.47155625, 0.4479784375, 0.42557951562499996, 0.4681374671875, 0.51495121390625, 0.48920365321093745, 0.46474347055039056, 0.5112178176054296, 0.4856569267251581, 0.5, 0.475, 0.45125, 0.496375, 0.47155625, 0.518711875, 0.49277628125, 0.4681374671875, 0.51495121390625, 0.566446335296875, 0.5381240185320313, 0.5112178176054297, 0.4856569267251582, 0.534222619397674, 0.5075114884277903, 0.5582626372705694, 0.6140889009976264, 0.583384455947745, 0.5542152331503577, 0.5265044714928397, 0.5791549186421238, 0.6370704105063362, 0.6052168899810193, 0.5, 0.55, 0.6050000000000001, 0.6655000000000002, 0.6322250000000001, 0.6006137500000001, 0.6606751250000001, 0.6276413687500001, 0.5, 0.55, 0.5, 0.475, 0.5225, 0.49637499999999996, 0.5460125, 0.5187118749999999, 0.4927762812499999, 0.542053909375, 0.51495121390625, 0.48920365321093745, 0.46474347055039056, 0.5112178176054296, 0.4856569267251581, 0.5342226193976739, 0.5075114884277901, 0.5582626372705692, 0.5303495054070407, 0.5833844559477449, 0.5542152331503576, 0.6096367564653934, 0.6706004321119328, 0.7376604753231261, 0.8114265228554387, 0.7708551967126668, 0.8479407163839335, 0.8055436805647368, 0.8860980486212106, 0.84179314619015, 0.7997034888806425, 0.8796738377687068, 0.8356901458802714, 0.9192591604682986, 0.8732962024448836, 0.960625822689372, 0.5, 0.55, 0.6050000000000001, 0.5, 0.55, 0.6050000000000001, 0.6655000000000002, 0.6322250000000001, 0.6954475000000002, 0.7649922500000003, 0.7267426375000002, 0.7994169012500003, 0.7594460561875003, 0.8353906618062503, 0.7936211287159378, 0.8729832415875317, 0.960281565746285, 0.9122674874589707, 1.0, 1.0, 0.5, 0.55, 0.5225, 0.57475, 0.632225, 0.6006137500000001, 0.6606751250000001, 0.6276413687500001, 0.6904055056250001, 0.6558852303437501, 0.6230909688265626, 0.6854000657092189, 0.6511300624237579, 0.61857355930257, 0.6804309152328271, 0.6464093694711857, 0.7110503064183042, 0.675497791097389, 0.6417229015425195, 0.7058951916967715, 0.6706004321119329, 0.6370704105063362, 0.7007774515569698, 0.6657385789791213, 0.7323124368770334, 0.6956968150331817, 0.6609119742815226, 0.7270031717096749, 0.7997034888806425, 0.7597183144366103, 0.8356901458802715, 0.7939056385862578, 0.8732962024448837, 0.8296313923226395, 0.9125945315549036, 0.8669648049771583, 0.8236165647283004, 0.9059782212011305, 0.5, 0.55, 0.6050000000000001, 0.5747500000000001, 0.6322250000000001, 0.5, 0.55, 0.6050000000000001, 0.5747500000000001, 0.5460125, 0.5187118749999999, 0.5705830625, 0.542053909375, 0.5962593003125001, 0.566446335296875, 0.6230909688265626, 0.6854000657092189, 0.6511300624237579, 0.61857355930257, 0.6804309152328271, 0.6464093694711857, 0.6140889009976264, 0.5, 0.475, 0.5, 0.55, 0.5225, 0.49637499999999996, 0.5460125, 0.5187118749999999, 0.5705830625, 0.542053909375, 0.51495121390625, 0.566446335296875, 0.6230909688265626, 0.5919364203852344, 0.6511300624237579, 0.61857355930257, 0.6804309152328271, 0.6464093694711857, 0.7110503064183042, 0.675497791097389, 0.743047570207128, 0.7058951916967715, 0.7764847108664488, 0.7376604753231263, 0.8114265228554389, 0.7708551967126669, 0.8479407163839336, 0.8055436805647369, 0.8860980486212107, 0.8417931461901501, 0.7997034888806426, 0.8796738377687069, 0.8356901458802715, 0.7939056385862578, 0.7542103566569449, 0.8296313923226395, 0.9125945315549036, 0.8669648049771583, 0.8236165647283004, 0.9059782212011305, 0.8606793101410739, 0.5, 0.55, 0.6050000000000001, 0.5747500000000001, 0.6322250000000001, 0.6006137500000001, 0.6606751250000001, 0.7267426375000002, 0.6540683737500003, 0.5886615363750003, 0.6475276900125003, 0.5827749210112503, 0.6410524131123754],