{
    "onDefense": 0.0,
    "stop": 0.0,
    "enemy1_num_carried": 0.0,
    "enemy2_num_carried": 0.0,
    "reverse": -0.001003003002688783,
    "invaderDistance": 1.0,
    "distance_to_start": -0.04212612611326433,
    "num_invaders": 0.0,
    "distance_from_middle": -0.0010030030025964694,
    "distance_from_closest_invader": 1.0000000001e-10,
    "scared_distance": -0.02006005964219003,
    "distance_to_home": -0.0040120120105864784,
    "invader_captured": 1.0,
    "food_protected": -0.0030090090080903092,
    "ambush_location_x": 1.0,
    "ambush_location_y": 1.0,
    "teammate_location_x": -0.010030030026967698,
    "teammate_location_y": -0.013039039035058007,
    "opponent1_location_x": -0.0010030029820994712,
    "opponent1_location_y": -0.006018017892596828,
    "opponent2_location_x": -0.0010030029820994712,
    "opponent2_location_y": -0.003009008946298414,
    "successor_score": 0.0,
    "num_ghosts_one_step_away": 0.0,
    "distance_from_closest_ghost": 0.0,
    "is_home": 0.0,
    "distanceToFood": 0.0,
    "food_eaten": 0.0,
    "avoided_ghost": -0.019057038194573706,
    "carrying_food": 0.0,
    "distance_to_capsule": 0.0,
    "game_score": -0.011033033029664466,
    "teammate_food_carried": -0.0060180180161806185,
    "bias": -0.0010030030026967698
}