{"distance_to_food": 0.9269851782048101, "food_eaten": 0.8, "avoided_ghost": 0.7, "carrying_food": 0.6, "distance_to_capsule": 0.548465617484379}