{"distance_to_food": 0.9677301458187852, "food_eaten": 0.8, "avoided_ghost": 0.7, "carrying_food": 0.6, "distance_to_capsule": 0.6266019290525222}