{"weights": {"distance_to_food": 1.8392692285472105, "food_eaten": 0.8, "avoided_ghost": 0.7, "carrying_food": 0.6, "distance_to_capsule": 0.6685365952271778}, "epsilon": [0.7, 0.63, 0.5670000000000001, 0.5103000000000001, 0.45927000000000007, 0.41334300000000007, 0.3720087000000001, 0.3348078300000001, 0.3682886130000001, 0.3314597517000001, 0.36460572687000015, 0.32814515418300017, 0.29533063876470017, 0.3248637026411702, 0.35735007290528725, 0.32161506561475856, 0.3537765721762344, 0.318398914958611, 0.35023880645447214, 0.31521492580902494, 0.34673641838992747, 0.38141006022892027, 0.34326905420602827, 0.3775959596266311, 0.339836363663968, 0.37382000003036486, 0.4112020000334014, 0.37008180003006125, 0.33307362002705515, 0.3663809820297607, 0.3297428838267846, 0.29676859544410616, 0.3264454549885168, 0.29380090948966514, 0.3231810004386317, 0.3554991004824949, 0.3199491904342454, 0.28795427139082086, 0.2591588442517388, 0.2850747286769127, 0.2565672558092214, 0.23091053022829927, 0.2540015832511292, 0.27940174157624215, 0.3073419157338664], "alpha": [0.2, 0.18000000000000002, 0.16200000000000003, 0.14580000000000004, 0.13122000000000003, 0.11809800000000004, 0.10628820000000004, 0.09565938000000004, 0.10522531800000005, 0.09470278620000006, 0.10417306482000006, 0.09375575833800005, 0.08438018250420005, 0.09281820075462006, 0.10210002083008207, 0.09189001874707386, 0.10107902062178126, 0.09097111855960313, 0.10006823041556345, 0.09006140737400711, 0.09906754811140783, 0.10897430292254863, 0.09807687263029377, 0.10788455989332316, 0.09709610390399084, 0.10680571429438994, 0.11748628572382894, 0.10573765715144605, 0.09516389143630144, 0.10468028057993159, 0.09421225252193843, 0.08479102726974459, 0.09327012999671906, 0.08394311699704715, 0.09233742869675188, 0.10157117156642707, 0.09141405440978437, 0.08227264896880593, 0.07404538407192533, 0.08144992247911788, 0.07330493023120609, 0.06597443720808548, 0.07257188092889404, 0.07982906902178345, 0.08781197592396181], "discount": [0.8, 0.7200000000000001, 0.6480000000000001, 0.5832000000000002, 0.5248800000000001, 0.47239200000000015, 0.42515280000000016, 0.3826375200000002, 0.4209012720000002, 0.3788111448000002, 0.41669225928000025, 0.3750230333520002, 0.3375207300168002, 0.37127280301848026, 0.4084000833203283, 0.36756007498829546, 0.40431608248712503, 0.3638844742384125, 0.4002729216622538, 0.36024562949602845, 0.39627019244563133, 0.4358972116901945, 0.3923074905211751, 0.4315382395732926, 0.3883844156159634, 0.42722285717755976, 0.46994514289531575, 0.4229506286057842, 0.38065556574520576, 0.41872112231972636, 0.37684901008775373, 0.33916410907897837, 0.37308051998687625, 0.3357724679881886, 0.3693497147870075, 0.4062846862657083, 0.36565621763913747, 0.3290905958752237, 0.29618153628770133, 0.3257996899164715, 0.29321972092482435, 0.2638977488323419, 0.29028752371557615, 0.3193162760871338, 0.35124790369584724], "total_reward": [6.484504127951874, 208.7220591727507, 6.05088813509867, 5.617772277913489, 1.3008278200190906, 5.6506414905644755, 6.022512959290888, 7.241945030841064, 8.367779159627709, 8.767953655245071, 13.337954075480463, 10.1495984332313, 13.326592627780007, 10.227635693360984, 14.887377917800075, 15.538778995951715, 10.557353280010533, 9.553131891642817, 14.862884455706528, 9.917109377571517, 10.842213883677298, 10.517557025772684, 14.516650368348005, 10.208452651328138, 9.58589463364817, 13.26406685832429, 10.307420756393798, 15.165014007247853, 9.727453547158309, 9.608197557684084, 14.080515785597774, 14.336417138238088, 9.809942602818092, 10.118593858003367, 15.045581473833685, 10.609917382574633, 303.0893309926142, 17.20743724307083, 9.566227781054486, 10.1746815443863, 16.802400456669453, 17.211817474152443, 10.55075046904315, 11.63123827392119, 16.981632094176184, 11.67489055659786, 11.435866166353966, 11.000123966170177, 16.93407295598757, 9.907165662749753]}