{
    "onDefense": 0.0,
    "stop": 0.0,
    "enemy1_num_carried": 0.0,
    "enemy2_num_carried": 0.0,
    "teammate_food_carried": -0.0,
    "reverse": -0.0010000001586109475,
    "invaderDistance": -0.002000000020505271,
    "distance_to_start": -0.040000006460556514,
    "num_invaders": 0.0,
    "distance_from_middle": -0.0010000001616189127,
    "distance_from_closest_invader": -2.000000020705271e-13,
    "scared_distance": -0.0020000001430401184,
    "distance_to_home": -0.0010000001615189128,
    "invader_captured": -0.0010000000099490804,
    "food_protected": -0.003000000484556738,
    "ambush_location_x": -0.02000000019898161,
    "ambush_location_y": -0.006000000059694483,
    "teammate_location_x": -0.01800000290734043,
    "teammate_location_y": -0.01100000177670804,
    "opponent1_location_x": -0.0009999990754615705,
    "opponent1_location_y": -0.001999998150923141,
    "opponent2_location_x": -0.0009999990754615705,
    "opponent2_location_y": -0.0059999944527694225,
    "successor_score": 0.0,
    "num_ghosts_one_step_away": 0.0,
    "distance_from_closest_ghost": 0.0,
    "is_home": 0.0,
    "distanceToFood": 0.0,
    "food_eaten": 0.0,
    "avoided_ghost": -0.019000000430535974,
    "carrying_food": 0.0,
    "distance_to_capsule": 0.0,
    "game_score": -0.016000002584302606,
    "bias": -0.0010000001615189128
}