{"weights": {"distance_to_start": 15784.327188326977, "successor_score": 49090.944769510665, "num_ghosts_one_step_away": 65859.3019316274, "distance_from_closest_ghost": 65859.3019316274, "is_home": 99999.0, "distance_to_food": 99586.18297641337, "food_eaten": 0.0, "avoided_ghost": 12969.005977819881, "carrying_food": 0.0, "distance_to_capsule": 99911.49479890696, "bias": 85963.2211980545}, "base": {"epsilon": 0.6, "alpha": 0.1, "discount": 0.9}, "num_episodes": 107, "epsilon": [1.0, 0.6, 0.594, 0.59994, 0.5939406, 0.599880006, 0.60587880606, 0.5998200179994, 0.593821817819406, 0.5997600359976001, 0.5937624356376241, 0.5997000599940003, 0.5937030593940603, 0.5877660288001197, 0.5936436890881209, 0.5995801259790021, 0.5935843247192121, 0.5995201679664042, 0.5935249662867401, 0.5994602159496075, 0.5934656137901114, 0.5994002699280125, 0.5934062672287325, 0.5993403299010198, 0.60533373320003, 0.6113870705320303, 0.60527319982671, 0.6113259318249771, 0.6052126725067273, 0.59916054578166, 0.5931689403238434, 0.5991006297270818, 0.6050916360243526, 0.599040719664109, 0.5930503124674679, 0.5989808155921426, 0.5929910074362211, 0.5989209175105833, 0.6049101266856891, 0.5988610254188322, 0.592872415164644, 0.5869436910129975, 0.5810742541028675, 0.5752635115618389, 0.5695108764462204, 0.5752059852106827, 0.5809580450627895, 0.5751484646121616, 0.5808999492582833, 0.5867089487508661, 0.5808418592633574, 0.5750334406707238, 0.5692831062640166, 0.5635902752013764, 0.5579543724493626, 0.5635339161738563, 0.5578985770121178, 0.5634775627822389, 0.5691123384100614, 0.5634212150259608, 0.5577870028757012, 0.5522091328469442, 0.5466870415184747, 0.5412201711032899, 0.5466323728143228, 0.5411660490861795, 0.5357543885953177, 0.5411119324812709, 0.5357008131564581, 0.5410578212880227, 0.5356472430751424, 0.530290770644391, 0.5355936783508349, 0.5302377415673266, 0.5355401189829999, 0.5408955201728299, 0.5354865649711016, 0.5408414306208126, 0.5354330163146045, 0.5300786861514585, 0.5353794730129731, 0.5300256782828433, 0.5353259350656717, 0.5406791944163284, 0.5460859863604917, 0.5406251264968868, 0.5352188752319179, 0.5298666864795988, 0.5351653533443947, 0.5298136998109508, 0.5351118368090604, 0.5297607184409697, 0.52446311125656, 0.5297077423691255, 0.5350048197928168, 0.5296547715948886, 0.5349513193108375, 0.5296018061177291, 0.5243057880565518, 0.5190627301759863, 0.5138721028742264, 0.5087333818454841, 0.5138207156639389, 0.5189589228205783, 0.5241485120487841, 0.5189070269282963, 0.5240960971975792], "alpha": [0.1, 0.1, 0.1, 0.1001, 0.1, 0.1001, 0.10020009999999999, 0.10009989989999998, 0.1, 0.1001, 0.1, 0.1001, 0.1, 0.1, 0.1001, 0.10020009999999999, 0.10009989989999998, 0.10019999979989998, 0.10009979980010007, 0.10019989959990017, 0.10009969970030026, 0.10019979940000055, 0.10009959960060055, 0.10019969920020114, 0.10029989889940133, 0.10040019879830071, 0.10029979859950242, 0.1004000983981019, 0.10029969829970381, 0.1001993986014041, 0.10009919920280269, 0.10019929840200548, 0.10029949770040747, 0.10019919820270706, 0.10009899900450435, 0.10019909800350885, 0.10009889890550534, 0.10019899780441084, 0.10029919680221525, 0.10019889760541303, 0.10009869870780762, 0.1, 0.1, 0.1, 0.1, 0.1001, 0.10020009999999999, 0.10009989989999998, 0.10019999979989998, 0.10030019979969987, 0.10019989959990017, 0.10009969970030026, 0.1, 0.1, 0.1, 0.1001, 0.1, 0.1, 0.1001, 0.10020009999999999, 0.10009989989999998, 0.1, 0.1, 0.1, 0.1, 0.1001, 0.1, 0.1, 0.1001, 0.1, 0.1001, 0.1, 0.1, 0.1001, 0.1, 0.1001, 0.10020009999999999, 0.10009989989999998, 0.10019999979989998, 0.10009979980010007, 0.1, 0.1001, 0.1, 0.1001, 0.10020009999999999, 0.10030030009999998, 0.10019999979989998, 0.10009979980010007, 0.1, 0.1001, 0.1, 0.1001, 0.1, 0.1, 0.1001, 0.10020009999999999, 0.10009989989999998, 0.10019999979989998, 0.10009979980010007, 0.1, 0.1, 0.1, 0.1, 0.1001, 0.10020009999999999, 0.10030030009999998, 0.10019999979989998, 0.10030019979969987], "discount": [0.9, 0.9, 0.999, 0.9999989999999999, 0.999, 0.9999989999999999, 1.0, 0.999, 0.999, 0.9999989999999999, 0.999, 0.9999989999999999, 0.999, 0.999, 0.9999989999999999, 1.0, 0.999, 0.9999989999999999, 0.999, 0.9999989999999999, 0.999, 0.9999989999999999, 0.999, 0.9999989999999999, 1.0, 1.0, 0.999, 0.9999989999999999, 0.999, 0.999, 0.999, 0.9999989999999999, 1.0, 0.999, 0.999, 0.9999989999999999, 0.999, 0.9999989999999999, 1.0, 0.999, 0.999, 0.999, 0.999, 0.999, 0.999, 0.9999989999999999, 1.0, 0.999, 0.9999989999999999, 1.0, 0.999, 0.999, 0.999, 0.999, 0.999, 0.9999989999999999, 0.999, 0.999, 0.9999989999999999, 1.0, 0.999, 0.999, 0.999, 0.999, 0.999, 0.9999989999999999, 0.999, 0.999, 0.9999989999999999, 0.999, 0.9999989999999999, 0.999, 0.999, 0.9999989999999999, 0.999, 0.9999989999999999, 1.0, 0.999, 0.9999989999999999, 0.999, 0.999, 0.9999989999999999, 0.999, 0.9999989999999999, 1.0, 1.0, 0.999, 0.999, 0.999, 0.9999989999999999, 0.999, 0.9999989999999999, 0.999, 0.999, 0.9999989999999999, 1.0, 0.999, 0.9999989999999999, 0.999, 0.999, 0.999, 0.999, 0.999, 0.9999989999999999, 1.0, 1.0, 0.999, 0.9999989999999999], "total_reward": [-440.1623471293044, 31.190564106171554, -156.8087947894431, 10729.872903115558, -144.67508714907052, -165.63402720138905, -41.316054741880045, 65.9527883093118, -188.560892238074, 5181.652626311353, -82.31533376689565, -69.29035282661845, 449.10872524675386, -10.601105550540034, -87.72237341808787, -80.76941165284808, -111.76881374002106, 2248.5318730432214, -150.75348762683552, 22.131855946615243, -169.86955282773644, 61.519395624747574, -58.05033024953101, -69.35948197902512, -164.6101414030981, -137.50165616907688, -176.71082590004673, -120.19561114802698, -86.1529352651218, 9.809133309216248, 4.551394343241738, -154.92237285695379, -71.72268132799032, 6788.273722740173, -116.45923314012121, 2899.146275810776, -124.57789021772265, -146.01222986409348, -144.73490471748997, -136.85283772854385, -99.98286937342274, -6.7025954644711, 58.99335584657675, 6692.635576831381, -107.04877940626453, -161.91553337518883, -76.85057650443827, -103.91821311225142, -145.02539969542545, -132.58683283966053, -125.26748585656864, -114.81493734189647, -62.396418722076504, -61.47643391293506, -147.65823707829426, -42.3526498419487, -55.272600826864725, -184.62397057371342, -103.31916997051273, -70.0715026057114, -12.74688405924926, -2.5838912000363483, 60.580623735694545, -148.37422459767663, -140.24346119914122, -112.93404510782548, -113.514104302377, 21.399309493088104, -140.1235501028822, -58.31042474509598, -35.140611042380414, -72.42323076906634, 152.9811347753507, -69.64987484900634, -93.77733611109554, -7.66346715115649, -167.10379844888857, -100.0898076428375, 5735.757061251922, -95.64865826607887, -60.9629097570088, -133.9984753145613, -142.77997279149372, -185.2921744742668, -158.88258193183526, -137.93251216309588, 70.36784677702155, -101.80625039793811, 3402.745256243438, -136.65216732152294, -135.17456316909812, 172.5877710953062, 11.68851367054259, -146.62843831537654, 641.6240852704394, -109.74571381041221, -107.82827461254915, -106.99010917842757, -65.77141777921204, -22.709871097626355, 13333.892187941394, 14.45781237980238, 7.303112412528898, -89.54586442012241, 335.99023517871274, -47.16586993350046, -48.54153368571726]