{
    "weights": {
        "onDefense": -0.0,
        "stop": 0.0,
        "enemy1_num_carried": -0.004000000529769052,
        "enemy2_num_carried": -6.000000270659402e-153,
        "teammate_food_carried": -0.0,
        "reverse": -0.001000000132442263,
        "invaderDistance": -0.010000000818911916,
        "distance_to_start": -0.050000006622313145,
        "num_invaders": -0.0,
        "distance_from_middle": -0.009000001192080366,
        "distance_from_closest_invader": -0.010000000818911916,
        "scared_distance": -0.010000000818911916,
        "distance_to_home": -0.012000001589507155,
        "invader_captured": -0.0009999998554201589,
        "food_protected": -0.008000001059538103,
        "ambush_location_x": -0.01900000155631264,
        "ambush_location_y": -0.005000000409555958,
        "teammate_location_x": -0.004000000529769052,
        "teammate_location_y": -0.007000000927095841,
        "opponent1_location_x": -0.027999999575916684,
        "opponent1_location_y": -0.01599999975778096,
        "opponent2_location_x": -0.027999999575916684,
        "opponent2_location_y": -0.01599999975778096,
        "successor_score": 0.0,
        "num_ghosts_one_step_away": 0.0,
        "distance_from_closest_ghost": 0.0,
        "is_home": 0.0,
        "distanceToFood": 0.0,
        "food_eaten": 0.0,
        "avoided_ghost": -0.0799999987891048,
        "carrying_food": 0.0,
        "distance_to_capsule": 0.0,
        "game_score": 0.006000000794653577,
        "bias": -0.001000000132442263
    },
    "base": {
        "epsilon": 0.6,
        "alpha": 0.1,
        "discount": 0.9
    },
    "current": {
        "epsilon": 0.0,
        "alpha": 0.1,
        "discount": 0.8883681665033449
    },
    "num_episodes": 6677,
    "latest_reward": -55000017044.46922,
    "epsilon": [
        0,
        0.0,
        0.0,
        0.0,
        0.0,
        0.0,
        0.0,
        0.0,
        0.0,
        0.0,
        0.0,
        0.0,
        0.0,
        0.0,
        0.0,
        0.0,
        0.0,
        0.0
    ],
    "alpha": [
        0.1,
        0.1,
        0.1,
        0.1,
        0.1,
        0.1,
        0.1,
        0.1,
        0.1,
        0.1,
        0.1,
        0.1001,
        0.1,
        0.1001,
        0.1,
        0.1,
        0.1,
        0.1
    ],
    "discount": [
        0.9,
        0.8991,
        0.8982009,
        0.8973026990999999,
        0.8964053964008999,
        0.895508991004499,
        0.8946134820134944,
        0.893718868531481,
        0.8928251496629495,
        0.8919323245132865,
        0.8910403921887733,
        0.891931432580962,
        0.891039501148381,
        0.8919305406495294,
        0.8910386101088799,
        0.890147571498771,
        0.8892574239272723,
        0.8883681665033449
    ],
    "total_reward": [
        -70000020444.06671,
        -129000030213.71542,
        -42200039141.90841,
        -60999787365.688614,
        -51396678782.40696,
        -59399816932.34129,
        -49599617343.44809,
        -66398378393.56256,
        -55000017044.46922,
        -84397957303.86679,
        -77598025496.24776,
        -51396678782.40696,
        -219200004915.6972,
        -92196624752.15062,
        -77598025496.24776,
        -66398378393.56256,
        -55000017044.46922,
        -66395777271.14726,
        -87398803632.61354,
        -51396678782.40696,
        -59399816932.34129,
        -80595789545.21436,
        -77598025496.24776,
        -66398378393.56256,
        -64399060339.765976,
        -66395777271.14726,
        -77598025496.24776,
        -49599617312.48303,
        -56798016774.65769,
        -49599617343.44809,
        -82596819747.46642,
        -106199752904.13187,
        -55000017044.46922,
        -106396646952.29395,
        -87398803632.61354,
        -49599617312.48303,
        -56798016774.65769,
        -106396646952.29395,
        -87398803632.61354,
        -66398378393.56256,
        -64399060339.765976,
        -92196624752.15062,
        -87398803632.61354,
        -51396678782.40696,
        -219200004915.6972,
        -84397957303.86679,
        -87398803632.61354,
        -66398378393.56256,
        -64399060339.765976,
        -84397957303.86679,
        -87398803632.61354,
        -66398378393.56256,
        -55000017044.46922,
        -106396646952.29395,
        -77598025496.24776,
        -66398378393.56256,
        -64399060339.765976,
        -106396646952.29395,
        -87398803632.61354,
        -66398378393.56256,
        -55000017044.46922,
        -66395777271.14726,
        -77598025496.24776,
        -66398378393.56256,
        -64399060339.765976,
        -49599617343.44809,
        -82596819747.46642,
        -66398378393.56256,
        -64399060339.765976,
        -66395777271.14726,
        -87398803632.61354,
        -51396678782.40696,
        -219200004915.6972,
        -66395777271.14726,
        -77598025496.24776,
        -66398378393.56256,
        -64399060338.660706,
        -84397957303.86679,
        -77598025496.24776,
        -66398378393.56256,
        -64399060339.765976,
        -66395777271.14726,
        -77598025496.24776,
        -66398378393.56256,
        -64399060339.765976,
        -106396646952.29395,
        -87398803632.61354,
        -66398378393.56256,
        -64399060339.765976,
        -49599617343.44809,
        -84000011072.65918,
        -51396678782.40696,
        -219200004915.6972,
        -84397957303.86679,
        -87398803632.61354,
        -49599617312.48303,
        -56798016774.65769,
        -49599617343.44809,
        -82596819747.46642,
        -66398378393.56256,
        -64399060339.765976,
        -66395777271.14726,
        -77598025496.24776,
        -106199752904.13187,
        -64399060339.765976,
        -106396646952.29395,
        -87398803632.61354,
        -51396678782.40696,
        -219200004915.6972,
        -106396646952.29395,
        -87398803632.61354,
        -106199752904.13187,
        -55000017044.46922,
        -66395777271.14726,
        -77598025496.24776,
        -66398378393.56256,
        -55000017044.46922,
        -106396646952.29395,
        -77598025496.24776,
        -51396678782.40696,
        -59399816932.34129,
        -66395777271.14726,
        -87398803632.61354,
        -66398378393.56256,
        -64399060339.765976,
        -84397957303.86679,
        -77598025496.24776,
        -51396678782.40696,
        -59399816932.34129,
        -49599617343.44809,
        -82596819747.46642,
        -66398378393.56256,
        -55000017044.46922,
        -66395777271.14726,
        -87398803632.61354,
        -66398378393.56256,
        -64399060339.765976,
        -66395777271.14726,
        -87398803632.61354,
        -66398378393.56256,
        -55000017044.46922,
        -84397957303.86679,
        -87398803632.61354,
        -66398378393.56256,
        -55000017044.46922,
        -71999721421.80865,
        -84000011072.65918,
        -66398378393.56256,
        -55000017044.46922,
        -66395777271.14726,
        -77598025496.24776,
        -66398378393.56256,
        -64399060338.660706,
        -84397957303.86679,
        -77598025496.24776,
        -106199752904.13187,
        -55000017044.46922,
        -66395777276.14726,
        -77598025496.24776,
        -49599617312.48303,
        -59399816932.34129,
        -66395777271.14726,
        -87398803632.61354,
        -51396678782.40696,
        -219200004915.6972,
        -84397957303.86679,
        -77598025496.24776,
        -66398378393.56256,
        -64399060339.765976,
        -84397957303.86679,
        -87398803632.61354,
        -66398378393.56256,
        -55000017044.46922,
        -106396646952.29395,
        -77598025496.24776,
        -66398378393.56256,
        -64399060339.765976,
        -66395777271.14726,
        -87398803632.61354,
        -51396678782.40696,
        -219200004915.6972,
        -66395777271.14726,
        -77598025496.24776,
